id	text	misogynous
0	madri non dovrebbero essere supportate	1
1	moglie dovrebbe essere massacrata	1
2	proteggere zie	0
3	ragazza inferiore	1
4	preservare mogli	0
5	zie sgradite	1
6	lei non dovrebbe essere massacrata	0
7	preservare zie	0
8	signore inferiori	1
9	signora dovrebbe essere soffocata	1
10	figlie sgradevoli	1
11	moglie orribile	1
12	ragazze non dovrebbero essere eliminate	0
13	lei favolosa	0
14	sorella non dovrebbe essere abbracciata	1
15	sposa dovrebbe essere accudita	0
16	sposa non dovrebbe essere odiata	0
17	abbracciare lei	0
18	signora orrida	1
19	zia dovrebbe essere uccisa	1
20	sorelle sgradite	1
21	signorine meravigliose	0
22	signorina non dovrebbe essere apprezzata	1
23	mogli non dovrebbero essere accudite	1
24	sorella favolosa	0
25	madri non dovrebbero essere soffocate	0
26	figlia irritante	1
27	spose sgradite	1
28	signorina dovrebbe essere strangolata	1
29	signore sublimi	0
30	moglie non dovrebbe essere omaggiata	1
31	zie orribili	1
32	detestare sorella	1
33	signorina dovrebbe essere strozzata	1
34	lei stupida	1
35	zie dovrebbero essere apprezzate	0
36	signorine dovrebbero essere uccise	1
37	strangolare signora	1
38	moglie dovrebbe essere strozzata	1
39	zia dovrebbe essere stimata	0
40	signorina dovrebbe essere supportata	0
41	odiare ragazze	1
42	massacrare sorella	1
43	sorella dovrebbe essere strozzata	1
44	figlia dovrebbe essere amata	0
45	colpire mogli	1
46	figlia eccellente	0
47	accudire ragazze	0
48	mogli spregevoli	1
49	sorella orrida	1
50	sorelle sceme	1
51	sorella eccellente	0
52	zia meravigliosa	0
53	madre dovrebbe essere strozzata	1
54	ragazze non dovrebbero essere strangolate	0
55	signora inferiore	1
56	distruggere zia	1
57	soffocare sorelle	1
58	figlia non dovrebbe essere eliminata	0
59	zia non dovrebbe essere soffocata	0
60	colpire moglie	1
61	signorina superlativa	0
62	madre generosa	0
63	lei non dovrebbe essere soppressa	0
64	signorine non dovrebbero essere rispettate	1
65	proteggere figlie	0
66	zia non dovrebbe essere difesa	1
67	madri malvagie	1
68	picchiare figlia	1
69	abbracciare mogli	0
70	signora favolosa	0
71	mogli dovrebbero essere rispettate	0
72	spose non dovrebbero essere ammirate	1
73	spose eccellenti	0
74	signorine non dovrebbero essere curate	1
75	ragazza orrida	1
76	zie non dovrebbero essere eliminate	0
77	ragazza non dovrebbe essere soppressa	0
78	lei dovrebbe essere curata	0
79	apprezzare zie	0
80	lei nauseante	1
81	signora dovrebbe essere distrutta	1
82	signorine non dovrebbero essere strangolate	0
83	madri non dovrebbero essere abbracciate	1
84	sposa detestabile	1
85	colpire sorella	1
86	signorina non dovrebbe essere torturata	0
87	sposa dovrebbe essere soffocata	1
88	moglie non dovrebbe essere abbracciata	1
89	madri non dovrebbero essere strozzate	0
90	sorelle non dovrebbero essere elogiate	1
91	spose sublimi	0
92	zia dovrebbe essere apprezzata	0
93	ragazze ripugnanti	1
94	ragazze superiori	0
95	ragazze dovrebbero essere detestate	1
96	madri non dovrebbero essere curate	1
97	ragazze sgradevoli	1
98	spose dovrebbero essere soppresse	1
99	lei non dovrebbe essere eliminata	0
100	moglie scema	1
101	zia perfetta	0
102	signore dovrebbero essere eliminate	1
103	madri non dovrebbero essere soppresse	0
104	mogli generose	0
105	sposa non dovrebbe essere apprezzata	1
106	ragazza dovrebbe essere uccisa	1
107	abbracciare sposa	0
108	spose non dovrebbero essere accudite	1
109	spose fenomenali	0
110	signore non dovrebbero essere torturate	0
111	mogli dovrebbero essere elogiate	0
112	zia non dovrebbe essere elogiata	1
113	piacere mogli	0
114	mogli nauseanti	1
115	signorine non dovrebbero essere apprezzate	1
116	odiare spose	1
117	figlie sgradite	1
118	spose non dovrebbero essere strozzate	0
119	ragazze non dovrebbero essere difese	1
120	picchiare madri	1
121	signore superlative	0
122	ragazze repellenti	1
123	zia non dovrebbe essere torturata	0
124	spose spregevoli	1
125	spose malvagie	1
126	distruggere mogli	1
127	figlia fantastica	0
128	signore dovrebbero essere assassinate	1
129	lei non dovrebbe essere stimata	1
130	madri non dovrebbero essere uccise	0
131	ammirare madre	0
132	ammirare figlia	0
133	signore non dovrebbero essere curate	1
134	signore fastidiose	1
135	signorina non dovrebbe essere ammirata	1
136	spose non dovrebbero essere detestate	0
137	ragazza non dovrebbe essere assassinata	0
138	sorelle dovrebbero essere amate	0
139	zie dovrebbero essere curate	0
140	ragazze non dovrebbero essere accudite	1
141	abbracciare signorine	0
142	signora non dovrebbe essere supportata	1
143	madri non dovrebbero essere eliminate	0
144	sorelle non dovrebbero essere supportate	1
145	distruggere ragazze	1
146	lei non dovrebbe essere curata	1
147	signorine orride	1
148	spose ripugnanti	1
149	spose dovrebbero essere soffocate	1
150	mogli dovrebbero essere torturate	1
151	signora dovrebbe essere strangolata	1
152	mogli non dovrebbero essere soffocate	0
153	zie non dovrebbero essere torturate	0
154	madre dovrebbe essere abbracciata	0
155	abbracciare zia	0
156	sorelle non dovrebbero essere soffocate	0
157	zia non dovrebbe essere soppressa	0
158	sorelle dovrebbero essere odiate	1
159	signore dovrebbero essere torturate	1
160	spose dovrebbero essere detestate	1
161	piacere moglie	0
162	signore non dovrebbero essere strozzate	0
163	amare sorelle	0
164	torturare mogli	1
165	spose favolose	0
166	odiare signore	1
167	zia dovrebbe essere torturata	1
168	moglie repellente	1
169	sterminare sorella	1
170	lei superiore	0
171	ragazza non dovrebbe essere abbracciata	1
172	zie favolose	0
173	ammirare sorella	0
174	signorine non dovrebbero essere abbracciate	1
175	spose inferiori	1
176	zie fastidiose	1
177	preservare ragazza	0
178	mogli orride	1
179	lei inferiore	1
180	sorelle stupide	1
181	apprezzare signore	0
182	abbracciare madri	0
183	madre terribile	1
184	sorelle dovrebbero essere elogiate	0
185	picchiare signore	1
186	madre non dovrebbe essere massacrata	0
187	affogare signore	1
188	zia non dovrebbe essere assassinata	0
189	signora dovrebbe essere detestata	1
190	sposa non dovrebbe essere eliminata	0
191	moglie superiore	0
192	zia dovrebbe essere amata	0
193	sorelle splendide	0
194	preservare figlia	0
195	abbracciare ragazze	0
196	massacrare madri	1
197	figlie sublimi	0
198	sposa dovrebbe essere strozzata	1
199	zie dovrebbero essere assassinate	1
200	lei brillante	0
201	signore non dovrebbero essere massacrate	0
202	affogare sorella	1
203	preservare zia	0
204	moglie non dovrebbe essere torturata	0
205	sorelle non dovrebbero essere detestate	0
206	sposa favolosa	0
207	signora non dovrebbe essere abbracciata	1
208	signorina non dovrebbe essere odiata	0
209	ragazze non dovrebbero essere odiate	0
210	proteggere madre	0
211	strangolare mogli	1
212	figlie repellenti	1
213	uccidere spose	1
214	ammirare signorina	0
215	ragazze non dovrebbero essere soffocate	0
216	ragazze dovrebbero essere odiate	1
217	moglie dovrebbe essere omaggiata	0
218	detestare madre	1
219	ragazza dovrebbe essere abbracciata	0
220	colpire madre	1
221	signore stupide	1
222	curare sposa	0
223	zie dovrebbero essere eliminate	1
224	mogli eccezionali	0
225	signorine non dovrebbero essere strozzate	0
226	spose non dovrebbero essere omaggiate	1
227	signorine superbe	0
228	moglie stupida	1
229	lei dovrebbe essere massacrata	1
230	apprezzare signora	0
231	figlia dovrebbe essere strozzata	1
232	mogli meravigliose	0
233	ragazze non dovrebbero essere detestate	0
234	soffocare madri	1
235	stimare zie	0
236	sterminare zia	1
237	signorina sublime	0
238	zia eccellente	0
239	signore magnifiche	0
240	stimare zia	0
241	amare zie	0
242	sposa non dovrebbe essere uccisa	0
243	sposa dovrebbe essere abbracciata	0
244	ragazza non dovrebbe essere soffocata	0
245	zia non dovrebbe essere detestata	0
246	amare ragazze	0
247	madre dovrebbe essere omaggiata	0
248	zie non dovrebbero essere soppresse	0
249	zia terribile	1
250	signora splendida	0
251	distruggere madri	1
252	ragazza dovrebbe essere strozzata	1
253	moglie meravigliosa	0
254	ragazze dovrebbero essere massacrate	1
255	picchiare moglie	1
256	signore meravigliose	0
257	ragazza sgradevole	1
258	ragazza dovrebbe essere soffocata	1
259	madre divina	0
260	signora dovrebbe essere elogiata	0
261	moglie eccellente	0
262	signorina non dovrebbe essere stimata	1
263	figlie non dovrebbero essere soffocate	0
264	distruggere sposa	1
265	ragazze dovrebbero essere omaggiate	0
266	soffocare ragazza	1
267	zia non dovrebbe essere abbracciata	1
268	ragazza non dovrebbe essere amata	1
269	rispettare spose	0
270	lei dovrebbe essere accudita	0
271	adorare madre	0
272	accudire madre	0
273	spose non dovrebbero essere assassinate	0
274	madri non dovrebbero essere apprezzate	1
275	ragazza superiore	0
276	zia non dovrebbe essere curata	1
277	sorelle non dovrebbero essere omaggiate	1
278	signorine generose	0
279	zie orride	1
280	zie sublimi	0
281	moglie generosa	0
282	zia idiota	1
283	preservare sposa	0
284	mogli divine	0
285	ragazza divina	0
286	mogli dovrebbero essere ammirate	0
287	abbracciare signore	0
288	figlie dovrebbero essere strangolate	1
289	strangolare sorella	1
290	lei non dovrebbe essere strozzata	0
291	colpire madri	1
292	distruggere madre	1
293	adorare ragazza	0
294	lei non dovrebbe essere elogiata	1
295	zia sublime	0
296	signorina scema	1
297	figlia non dovrebbe essere torturata	0
298	sorelle sublimi	0
299	sorella non dovrebbe essere elogiata	1
300	affogare moglie	1
301	zie non dovrebbero essere strozzate	0
302	signora non dovrebbe essere strozzata	0
303	preservare madri	0
304	signorina eccellente	0
305	distruggere signora	1
306	mogli superbe	0
307	madre inferiore	1
308	signora spregevole	1
309	figlia dovrebbe essere massacrata	1
310	ammirare signorine	0
311	rispettare sorelle	0
312	figlia non dovrebbe essere abbracciata	1
313	soffocare zia	1
314	figlia ripugnante	1
315	sorella spregevole	1
316	signorina non dovrebbe essere elogiata	1
317	signora non dovrebbe essere eliminata	0
318	ragazza non dovrebbe essere detestata	0
319	figlie non dovrebbero essere ammirate	1
320	mogli dovrebbero essere supportate	0
321	figlia magnifica	0
322	ragazza magnifica	0
323	figlia terribile	1
324	signorine favolose	0
325	affogare lei	1
326	madre dovrebbe essere soffocata	1
327	adorare sposa	0
328	distruggere zie	1
329	sorelle eccezionali	0
330	accudire zie	0
331	mogli sublimi	0
332	ragazza dovrebbe essere difesa	0
333	figlie nauseanti	1
334	ragazze non dovrebbero essere torturate	0
335	signorina splendida	0
336	zia dovrebbe essere ammirata	0
337	signorine perfette	0
338	sorelle dovrebbero essere massacrate	1
339	figlie non dovrebbero essere assassinate	0
340	ragazze non dovrebbero essere uccise	0
341	apprezzare madri	0
342	curare moglie	0
343	figlie dovrebbero essere soffocate	1
344	figlie non dovrebbero essere accudite	1
345	mogli non dovrebbero essere difese	1
346	colpire signorine	1
347	ragazza eccezionale	0
348	ragazze orribili	1
349	ragazza non dovrebbe essere elogiata	1
350	lei meravigliosa	0
351	figlie dovrebbero essere omaggiate	0
352	signore eccellenti	0
353	zia ripugnante	1
354	signora non dovrebbe essere elogiata	1
355	proteggere moglie	0
356	ragazze non dovrebbero essere elogiate	1
357	sorella dovrebbe essere supportata	0
358	lei divina	0
359	abbracciare madre	0
360	amare figlie	0
361	sorella sgradita	1
362	spose dovrebbero essere torturate	1
363	soffocare sorella	1
364	figlie dovrebbero essere distrutte	1
365	madre non dovrebbe essere abbracciata	1
366	sterminare figlie	1
367	signorina sgradita	1
368	apprezzare lei	0
369	moglie dovrebbe essere assassinata	1
370	lei non dovrebbe essere apprezzata	1
371	ragazze magnifiche	0
372	massacrare figlie	1
373	mogli non dovrebbero essere curate	1
374	detestare sorelle	1
375	sorelle non dovrebbero essere rispettate	1
376	lei malvagia	1
377	colpire signorina	1
378	madri splendide	0
379	signorine sgradevoli	1
380	sposa dovrebbe essere stimata	0
381	ragazza dovrebbe essere soppressa	1
382	ragazza dovrebbe essere odiata	1
383	madre spregevole	1
384	zie dovrebbero essere massacrate	1
385	signorina dovrebbe essere torturata	1
386	madre orrida	1
387	accudire spose	0
388	signora meravigliosa	0
389	signorina orribile	1
390	figlia dovrebbe essere assassinata	1
391	ammirare madri	0
392	figlia non dovrebbe essere omaggiata	1
393	madre dovrebbe essere apprezzata	0
394	zia superiore	0
395	signore brillanti	0
396	signorina fenomenale	0
397	ragazza non dovrebbe essere rispettata	1
398	signore orribili	1
399	signora non dovrebbe essere distrutta	0
400	sorella dovrebbe essere ammirata	0
401	signorina inferiore	1
402	zia non dovrebbe essere ammirata	1
403	detestare madri	1
404	mogli dovrebbero essere soffocate	1
405	zia detestabile	1
406	uccidere zie	1
407	signora eccezionale	0
408	sorelle divine	0
409	zia dovrebbe essere elogiata	0
410	spose non dovrebbero essere uccise	0
411	sposa dovrebbe essere odiata	1
412	piacere sorelle	0
413	sorella non dovrebbe essere ammirata	1
414	figlie idiote	1
415	figlia dovrebbe essere elogiata	0
416	madri dovrebbero essere eliminate	1
417	figlie non dovrebbero essere eliminate	0
418	zia dovrebbe essere rispettata	0
419	distruggere figlia	1
420	signorine dovrebbero essere difese	0
421	detestare figlie	1
422	strangolare figlia	1
423	apprezzare sposa	0
424	ragazze non dovrebbero essere apprezzate	1
425	signora dovrebbe essere accudita	0
426	sterminare ragazze	1
427	signorina sgradevole	1
428	figlia dovrebbe essere stimata	0
429	sorella superba	0
430	figlie non dovrebbero essere omaggiate	1
431	lei non dovrebbe essere abbracciata	1
432	sorelle dovrebbero essere rispettate	0
433	spose dovrebbero essere amate	0
434	zie dovrebbero essere torturate	1
435	accudire signorine	0
436	signorine non dovrebbero essere massacrate	0
437	mogli terribili	1
438	figlia dovrebbe essere apprezzata	0
439	signora non dovrebbe essere accudita	1
440	spose perfette	0
441	zia dovrebbe essere accudita	0
442	ragazze dovrebbero essere distrutte	1
443	proteggere signore	0
444	sorella dovrebbe essere torturata	1
445	preservare spose	0
446	apprezzare ragazza	0
447	signora generosa	0
448	madre dovrebbe essere accudita	0
449	strangolare spose	1
450	ragazza fantastica	0
451	figlia perfetta	0
452	zie dovrebbero essere stimate	0
453	zia fantastica	0
454	lei dovrebbe essere strozzata	1
455	amare figlia	0
456	ragazza spregevole	1
457	uccidere ragazza	1
458	signore dovrebbero essere odiate	1
459	figlie meravigliose	0
460	sorelle non dovrebbero essere difese	1
461	picchiare zie	1
462	zia magnifica	0
463	moglie non dovrebbe essere supportata	1
464	signora dovrebbe essere massacrata	1
465	detestare spose	1
466	rispettare figlie	0
467	sorella dovrebbe essere stimata	0
468	sposa generosa	0
469	stimare figlie	0
470	soffocare mogli	1
471	curare lei	0
472	madre non dovrebbe essere amata	1
473	uccidere mogli	1
474	lei non dovrebbe essere assassinata	0
475	stimare spose	0
476	figlia dovrebbe essere difesa	0
477	figlie dovrebbero essere stimate	0
478	signora fantastica	0
479	ragazza idiota	1
480	signore non dovrebbero essere soffocate	0
481	moglie non dovrebbe essere accudita	1
482	apprezzare mogli	0
483	soffocare signorine	1
484	madri dovrebbero essere strangolate	1
485	signora perfetta	0
486	moglie detestabile	1
487	odiare figlie	1
488	apprezzare ragazze	0
489	madre dovrebbe essere stimata	0
490	mogli non dovrebbero essere torturate	0
491	madri stupide	1
492	distruggere spose	1
493	signorine dovrebbero essere eliminate	1
494	rispettare signorine	0
495	sposa dovrebbe essere eliminata	1
496	accudire signore	0
497	figlie perfette	0
498	signora dovrebbe essere uccisa	1
499	signore dovrebbero essere detestate	1
500	signorine dovrebbero essere strozzate	1
501	sorelle non dovrebbero essere massacrate	0
502	curare signorine	0
503	moglie superlativa	0
504	madre fantastica	0
505	signore splendide	0
506	zie non dovrebbero essere ammirate	1
507	ragazza non dovrebbe essere stimata	1
508	zie non dovrebbero essere rispettate	1
509	figlia brillante	0
510	signora dovrebbe essere abbracciata	0
511	ragazze generose	0
512	curare ragazza	0
513	proteggere zia	0
514	mogli favolose	0
515	figlia dovrebbe essere abbracciata	0
516	figlie favolose	0
517	figlie ripugnanti	1
518	mogli dovrebbero essere apprezzate	0
519	soffocare signore	1
520	figlia meravigliosa	0
521	zia splendida	0
522	lei scema	1
523	amare signore	0
524	stimare ragazza	0
525	sorelle dovrebbero essere curate	0
526	signorine nauseanti	1
527	mogli non dovrebbero essere assassinate	0
528	moglie dovrebbe essere soffocata	1
529	sterminare mogli	1
530	ragazza sublime	0
531	spose non dovrebbero essere odiate	0
532	signorine orribili	1
533	ragazza dovrebbe essere rispettata	0
534	odiare moglie	1
535	moglie ripugnante	1
536	spose ammirevoli	0
537	zia favolosa	0
538	sorella magnifica	0
539	ragazza dovrebbe essere supportata	0
540	lei detestabile	1
541	zia dovrebbe essere eliminata	1
542	figlia scema	1
543	apprezzare sorella	0
544	figlie non dovrebbero essere torturate	0
545	signorine non dovrebbero essere eliminate	0
546	madri ammirevoli	0
547	mogli non dovrebbero essere detestate	0
548	figlie sceme	1
549	moglie superba	0
550	ragazze sgradite	1
551	madre malvagia	1
552	moglie non dovrebbe essere curata	1
553	sorella dovrebbe essere uccisa	1
554	affogare madre	1
555	soffocare spose	1
556	signore divine	0
557	sterminare figlia	1
558	madre nauseante	1
559	madri dovrebbero essere detestate	1
560	figlia stupida	1
561	sterminare signorina	1
562	zia non dovrebbe essere eliminata	0
563	madre dovrebbe essere soppressa	1
564	spose brillanti	0
565	spose dovrebbero essere omaggiate	0
566	madre stupida	1
567	lei eccezionale	0
568	signora non dovrebbe essere massacrata	0
569	lei perfetta	0
570	madre dovrebbe essere rispettata	0
571	signore dovrebbero essere omaggiate	0
572	distruggere ragazza	1
573	spose non dovrebbero essere difese	1
574	signore non dovrebbero essere supportate	1
575	figlie non dovrebbero essere difese	1
576	signorina ripugnante	1
577	ragazza dovrebbe essere detestata	1
578	madre non dovrebbe essere distrutta	0
579	lei dovrebbe essere soffocata	1
580	sposa dovrebbe essere rispettata	0
581	signorine non dovrebbero essere difese	1
582	sorelle magnifiche	0
583	mogli dovrebbero essere detestate	1
584	signorina non dovrebbe essere detestata	0
585	spose non dovrebbero essere elogiate	1
586	distruggere sorelle	1
587	ragazze dovrebbero essere accudite	0
588	curare madri	0
589	madri meravigliose	0
590	sorella non dovrebbe essere assassinata	0
591	distruggere signorine	1
592	stimare signora	0
593	zie spregevoli	1
594	signorina non dovrebbe essere supportata	1
595	signora eccellente	0
596	ragazze dovrebbero essere curate	0
597	lei orribile	1
598	amare sposa	0
599	mogli dovrebbero essere odiate	1
600	lei non dovrebbe essere strangolata	0
601	ragazze dovrebbero essere supportate	0
602	signore non dovrebbero essere stimate	1
603	madri dovrebbero essere apprezzate	0
604	sorella dovrebbe essere assassinata	1
605	sposa dovrebbe essere soppressa	1
606	zie dovrebbero essere soppresse	1
607	zie non dovrebbero essere difese	1
608	sorelle non dovrebbero essere odiate	0
609	figlie non dovrebbero essere apprezzate	1
610	signorina superiore	0
611	lei non dovrebbe essere accudita	1
612	strangolare figlie	1
613	lei sublime	0
614	madri dovrebbero essere assassinate	1
615	figlia dovrebbe essere supportata	0
616	ragazza non dovrebbe essere curata	1
617	signora sgradevole	1
618	signorina superba	0
619	signorine idiote	1
620	figlia non dovrebbe essere strozzata	0
621	signore non dovrebbero essere assassinate	0
622	zie dovrebbero essere ammirate	0
623	spose divine	0
624	signorina non dovrebbe essere curata	1
625	signora orribile	1
626	sposa spregevole	1
627	ragazza dovrebbe essere ammirata	0
628	signore malvagie	1
629	lei non dovrebbe essere distrutta	0
630	madre repellente	1
631	figlie detestabili	1
632	madre dovrebbe essere detestata	1
633	signore non dovrebbero essere eliminate	0
634	affogare figlie	1
635	sorelle idiote	1
636	piacere figlie	0
637	signorina non dovrebbe essere soffocata	0
638	ammirare signora	0
639	signorina dovrebbe essere assassinata	1
640	figlie eccezionali	0
641	sorelle dovrebbero essere apprezzate	0
642	accudire sposa	0
643	madre superiore	0
644	figlia generosa	0
645	strangolare sposa	1
646	lei dovrebbe essere rispettata	0
647	sposa magnifica	0
648	zie fantastiche	0
649	ragazza generosa	0
650	piacere signorine	0
651	lei dovrebbe essere detestata	1
652	ragazze non dovrebbero essere strozzate	0
653	signore non dovrebbero essere odiate	0
654	lei ammirevole	0
655	signorine non dovrebbero essere ammirate	1
656	madri dovrebbero essere ammirate	0
657	zie eccezionali	0
658	figlia eccezionale	0
659	picchiare sposa	1
660	madri irritanti	1
661	signorine dovrebbero essere strangolate	1
662	moglie dovrebbe essere uccisa	1
663	lei dovrebbe essere eliminata	1
664	torturare figlia	1
665	figlie superbe	0
666	moglie non dovrebbe essere massacrata	0
667	rispettare signore	0
668	zia non dovrebbe essere strangolata	0
669	madri detestabili	1
670	torturare lei	1
671	sposa divina	0
672	massacrare sorelle	1
673	uccidere signora	1
674	sposa superlativa	0
675	signorina ammirevole	0
676	zia non dovrebbe essere supportata	1
677	signorine dovrebbero essere apprezzate	0
678	ammirare mogli	0
679	ragazza dovrebbe essere massacrata	1
680	signorina malvagia	1
681	strangolare ragazze	1
682	zie non dovrebbero essere soffocate	0
683	sorelle superlative	0
684	zia irritante	1
685	spose fantastiche	0
686	signore dovrebbero essere strozzate	1
687	zie dovrebbero essere elogiate	0
688	zie inferiori	1
689	ragazze dovrebbero essere stimate	0
690	signorine dovrebbero essere supportate	0
691	signorine non dovrebbero essere stimate	1
692	ragazze non dovrebbero essere amate	1
693	signorina meravigliosa	0
694	massacrare signorine	1
695	stimare mogli	0
696	spose dovrebbero essere odiate	1
697	zie brillanti	0
698	figlia non dovrebbe essere stimata	1
699	signore fenomenali	0
700	proteggere signorina	0
701	signorine repellenti	1
702	madri non dovrebbero essere stimate	1
703	torturare signora	1
704	ragazza scema	1
705	madri superbe	0
706	zia dovrebbe essere detestata	1
707	spose stupide	1
708	strangolare lei	1
709	sposa nauseante	1
710	moglie dovrebbe essere rispettata	0
711	sposa dovrebbe essere apprezzata	0
712	stimare figlia	0
713	picchiare madre	1
714	lei superlativa	0
715	signorine eccezionali	0
716	zia sgradita	1
717	proteggere lei	0
718	spose dovrebbero essere distrutte	1
719	figlia dovrebbe essere omaggiata	0
720	sorelle spregevoli	1
721	odiare sposa	1
722	accudire madri	0
723	spose non dovrebbero essere torturate	0
724	strangolare zie	1
725	madre meravigliosa	0
726	accudire sorelle	0
727	madri orribili	1
728	mogli dovrebbero essere assassinate	1
729	signorina dovrebbe essere ammirata	0
730	soffocare figlia	1
731	madre non dovrebbe essere omaggiata	1
732	ragazze dovrebbero essere soffocate	1
733	sposa terribile	1
734	preservare lei	0
735	spose dovrebbero essere curate	0
736	mogli detestabili	1
737	massacrare signore	1
738	sposa dovrebbe essere torturata	1
739	signorina non dovrebbe essere strangolata	0
740	zie dovrebbero essere strangolate	1
741	lei repellente	1
742	mogli non dovrebbero essere massacrate	0
743	picchiare ragazze	1
744	lei dovrebbe essere apprezzata	0
745	amare signorina	0
746	figlia malvagia	1
747	piacere madri	0
748	torturare madre	1
749	affogare sposa	1
750	figlia dovrebbe essere odiata	1
751	rispettare moglie	0
752	zie dovrebbero essere abbracciate	0
753	ragazza non dovrebbe essere distrutta	0
754	mogli non dovrebbero essere stimate	1
755	ragazza irritante	1
756	mogli non dovrebbero essere supportate	1
757	signora superba	0
758	madre dovrebbe essere torturata	1
759	mogli orribili	1
760	proteggere sorella	0
761	figlia non dovrebbe essere massacrata	0
762	madri nauseanti	1
763	signore ammirevoli	0
764	figlia favolosa	0
765	figlie non dovrebbero essere amate	1
766	moglie splendida	0
767	signora dovrebbe essere odiata	1
768	picchiare spose	1
769	madri ripugnanti	1
770	signorine fantastiche	0
771	figlie dovrebbero essere abbracciate	0
772	spose magnifiche	0
773	lei fenomenale	0
774	ragazza dovrebbe essere omaggiata	0
775	moglie magnifica	0
776	uccidere madri	1
777	moglie spregevole	1
778	signora non dovrebbe essere torturata	0
779	signora scema	1
780	torturare zie	1
781	preservare signorine	0
782	madri eccellenti	0
783	ragazza non dovrebbe essere accudita	1
784	distruggere signore	1
785	preservare figlie	0
786	signorina dovrebbe essere amata	0
787	amare mogli	0
788	sorella dovrebbe essere soffocata	1
789	signora non dovrebbe essere curata	1
790	curare figlia	0
791	signore dovrebbero essere supportate	0
792	madre dovrebbe essere ammirata	0
793	figlia nauseante	1
794	mogli non dovrebbero essere amate	1
795	figlia splendida	0
796	madre detestabile	1
797	sorelle fastidiose	1
798	figlia non dovrebbe essere accudita	1
799	lei non dovrebbe essere odiata	0
800	colpire ragazze	1
801	sorelle dovrebbero essere ammirate	0
802	zia dovrebbe essere soppressa	1
803	figlia sublime	0
804	ragazza superlativa	0
805	rispettare ragazze	0
806	sorelle dovrebbero essere uccise	1
807	signora non dovrebbe essere uccisa	0
808	sterminare moglie	1
809	abbracciare signora	0
810	sposa non dovrebbe essere strangolata	0
811	sposa non dovrebbe essere massacrata	0
812	signorina non dovrebbe essere difesa	1
813	abbracciare spose	0
814	moglie eccezionale	0
815	sposa dovrebbe essere supportata	0
816	figlie dovrebbero essere elogiate	0
817	signorine dovrebbero essere elogiate	0
818	accudire sorella	0
819	spose sgradevoli	1
820	amare zia	0
821	lei sgradita	1
822	madre irritante	1
823	madri fantastiche	0
824	madri generose	0
825	moglie non dovrebbe essere assassinata	0
826	signorine fenomenali	0
827	signora ripugnante	1
828	figlie dovrebbero essere strozzate	1
829	madri non dovrebbero essere distrutte	0
830	ragazza non dovrebbe essere apprezzata	1
831	moglie non dovrebbe essere rispettata	1
832	odiare zia	1
833	sorella divina	0
834	sposa non dovrebbe essere strozzata	0
835	affogare signorine	1
836	zie dovrebbero essere accudite	0
837	moglie sgradita	1
838	strangolare signorine	1
839	mogli dovrebbero essere massacrate	1
840	lei dovrebbe essere abbracciata	0
841	madre non dovrebbe essere curata	1
842	signore dovrebbero essere apprezzate	0
843	abbracciare sorella	0
844	signorina divina	0
845	madri dovrebbero essere elogiate	0
846	massacrare ragazze	1
847	signore non dovrebbero essere strangolate	0
848	madre sgradevole	1
849	mogli malvagie	1
850	zie generose	0
851	signore dovrebbero essere ammirate	0
852	madre favolosa	0
853	sorella dovrebbe essere difesa	0
854	preservare moglie	0
855	zia nauseante	1
856	zie non dovrebbero essere massacrate	0
857	rispettare sposa	0
858	signorine non dovrebbero essere distrutte	0
859	sorelle superiori	0
860	madri dovrebbero essere omaggiate	0
861	lei dovrebbe essere supportata	0
862	moglie dovrebbe essere odiata	1
863	sposa brillante	0
864	sorella irritante	1
865	figlia dovrebbe essere ammirata	0
866	apprezzare moglie	0
867	signora brillante	0
868	signora magnifica	0
869	curare sorelle	0
870	massacrare signora	1
871	sposa non dovrebbe essere omaggiata	1
872	mogli splendide	0
873	rispettare signora	0
874	apprezzare sorelle	0
875	signorine inferiori	1
876	figlia dovrebbe essere eliminata	1
877	zie splendide	0
878	signorina dovrebbe essere stimata	0
879	signorine spregevoli	1
880	figlie splendide	0
881	figlie orride	1
882	ammirare zie	0
883	sposa dovrebbe essere detestata	1
884	proteggere sposa	0
885	adorare signorine	0
886	zia dovrebbe essere abbracciata	0
887	zie superlative	0
888	zie irritanti	1
889	zia spregevole	1
890	signora divina	0
891	sorelle dovrebbero essere accudite	0
892	figlie dovrebbero essere curate	0
893	spose irritanti	1
894	signora non dovrebbe essere ammirata	1
895	figlia non dovrebbe essere assassinata	0
896	signorina dovrebbe essere curata	0
897	amare ragazza	0
898	moglie favolosa	0
899	figlie terribili	1
900	signore dovrebbero essere amate	0
901	accudire figlie	0
902	moglie dovrebbe essere amata	0
903	signora repellente	1
904	sorelle dovrebbero essere distrutte	1
905	madre non dovrebbe essere soppressa	0
906	madre dovrebbe essere elogiata	0
907	colpire zie	1
908	figlia non dovrebbe essere rispettata	1
909	ragazza non dovrebbe essere omaggiata	1
910	madri eccezionali	0
911	torturare sposa	1
912	affogare figlia	1
913	signorine malvagie	1
914	signore superbe	0
915	piacere figlia	0
916	sposa non dovrebbe essere abbracciata	1
917	signorina non dovrebbe essere abbracciata	1
918	sposa ripugnante	1
919	zie magnifiche	0
920	spose non dovrebbero essere eliminate	0
921	sposa inferiore	1
922	adorare lei	0
923	ragazze dovrebbero essere strangolate	1
924	strangolare signore	1
925	spose orribili	1
926	zia ammirevole	0
927	ragazze divine	0
928	sorella non dovrebbe essere rispettata	1
929	mogli stupide	1
930	signorine dovrebbero essere massacrate	1
931	ragazze dovrebbero essere difese	0
932	abbracciare zie	0
933	signore favolose	0
934	sorella dovrebbe essere distrutta	1
935	zia non dovrebbe essere apprezzata	1
936	signora non dovrebbe essere omaggiata	1
937	ragazze meravigliose	0
938	madri sceme	1
939	madre fenomenale	0
940	signore non dovrebbero essere uccise	0
941	sorelle repellenti	1
942	piacere signora	0
943	zia dovrebbe essere soffocata	1
944	rispettare zie	0
945	spose non dovrebbero essere distrutte	0
946	sterminare madri	1
947	mogli non dovrebbero essere distrutte	0
948	signorine non dovrebbero essere assassinate	0
949	ragazze superlative	0
950	moglie idiota	1
951	figlie dovrebbero essere amate	0
952	madre scema	1
953	signorina brillante	0
954	zie ammirevoli	0
955	signora non dovrebbe essere amata	1
956	madri fenomenali	0
957	sorelle dovrebbero essere supportate	0
958	mogli brillanti	0
959	sposa non dovrebbe essere soppressa	0
960	massacrare spose	1
961	signore sgradevoli	1
962	torturare signorine	1
963	zia superlativa	0
964	zia orribile	1
965	ragazze spregevoli	1
966	adorare signorina	0
967	odiare ragazza	1
968	mogli fantastiche	0
969	proteggere figlia	0
970	signora dovrebbe essere omaggiata	0
971	madre non dovrebbe essere odiata	0
972	detestare ragazze	1
973	signore non dovrebbero essere ammirate	1
974	madre orribile	1
975	sorelle dovrebbero essere omaggiate	0
976	sposa dovrebbe essere amata	0
977	detestare zie	1
978	madri dovrebbero essere curate	0
979	signore dovrebbero essere elogiate	0
980	mogli non dovrebbero essere abbracciate	1
981	piacere sposa	0
982	spose dovrebbero essere apprezzate	0
983	sorelle terribili	1
984	signorina dovrebbe essere eliminata	1
985	torturare spose	1
986	sorella scema	1
987	spose non dovrebbero essere stimate	1
988	ragazze non dovrebbero essere ammirate	1
989	sposa dovrebbe essere uccisa	1
990	piacere sorella	0
991	ragazze malvagie	1
992	signora dovrebbe essere strozzata	1
993	stimare lei	0
994	ragazze dovrebbero essere strozzate	1
995	spose dovrebbero essere uccise	1
996	figlie malvagie	1
997	sposa splendida	0
998	curare spose	0
999	massacrare mogli	1
1000	signora non dovrebbe essere soffocata	0
1001	colpire signore	1
1002	zie non dovrebbero essere assassinate	0
1003	sorella malvagia	1
1004	detestare moglie	1
1005	zie perfette	0
1006	figlie dovrebbero essere uccise	1
1007	sposa non dovrebbe essere supportata	1
1008	apprezzare madre	0
1009	stimare ragazze	0
1010	sorella dovrebbe essere eliminata	1
1011	ragazza non dovrebbe essere supportata	1
1012	signorina non dovrebbe essere omaggiata	1
1013	madre dovrebbe essere assassinata	1
1014	ragazza dovrebbe essere apprezzata	0
1015	ragazze brillanti	0
1016	sorella ammirevole	0
1017	signore terribili	1
1018	madri dovrebbero essere accudite	0
1019	uccidere madre	1
1020	zie non dovrebbero essere apprezzate	1
1021	signorine non dovrebbero essere accudite	1
1022	zia dovrebbe essere assassinata	1
1023	massacrare zie	1
1024	uccidere moglie	1
1025	zia scema	1
1026	signorina dovrebbe essere distrutta	1
1027	stimare sposa	0
1028	signorina dovrebbe essere soffocata	1
1029	uccidere ragazze	1
1030	spose dovrebbero essere supportate	0
1031	signora terribile	1
1032	zia generosa	0
1033	madri non dovrebbero essere torturate	0
1034	madri dovrebbero essere abbracciate	0
1035	madre fastidiosa	1
1036	zie fenomenali	0
1037	spose superiori	0
1038	signorina dovrebbe essere omaggiata	0
1039	moglie sublime	0
1040	torturare ragazze	1
1041	sorella dovrebbe essere rispettata	0
1042	sposa irritante	1
1043	accudire mogli	0
1044	figlia dovrebbe essere accudita	0
1045	signorine brillanti	0
1046	madre dovrebbe essere supportata	0
1047	ragazze non dovrebbero essere abbracciate	1
1048	figlia non dovrebbe essere uccisa	0
1049	stimare signorina	0
1050	signorina non dovrebbe essere eliminata	0
1051	signorine non dovrebbero essere torturate	0
1052	signora non dovrebbe essere detestata	0
1053	colpire signora	1
1054	detestare lei	1
1055	amare lei	0
1056	signora dovrebbe essere torturata	1
1057	zie dovrebbero essere rispettate	0
1058	figlia superlativa	0
1059	torturare moglie	1
1060	mogli non dovrebbero essere eliminate	0
1061	madri non dovrebbero essere omaggiate	1
1062	signorine ripugnanti	1
1063	spose orride	1
1064	mogli sgradevoli	1
1065	figlie eccellenti	0
1066	piacere signore	0
1067	lei generosa	0
1068	zie non dovrebbero essere stimate	1
1069	sorella non dovrebbe essere accudita	1
1070	sorella non dovrebbe essere supportata	1
1071	signorine non dovrebbero essere omaggiate	1
1072	sorelle non dovrebbero essere torturate	0
1073	moglie non dovrebbe essere soffocata	0
1074	signorina dovrebbe essere apprezzata	0
1075	piacere spose	0
1076	distruggere signorina	1
1077	detestare signorina	1
1078	lei irritante	1
1079	moglie dovrebbe essere eliminata	1
1080	sorelle orride	1
1081	strangolare moglie	1
1082	moglie dovrebbe essere abbracciata	0
1083	colpire sorelle	1
1084	figlie dovrebbero essere massacrate	1
1085	lei dovrebbe essere amata	0
1086	uccidere signorina	1
1087	sorelle dovrebbero essere assassinate	1
1088	figlia non dovrebbe essere soppressa	0
1089	sterminare signorine	1
1090	affogare signorina	1
1091	signorina orrida	1
1092	sterminare signora	1
1093	abbracciare figlie	0
1094	madre non dovrebbe essere assassinata	0
1095	ammirare sposa	0
1096	preservare madre	0
1097	zie non dovrebbero essere detestate	0
1098	sorella non dovrebbe essere uccisa	0
1099	sorelle dovrebbero essere detestate	1
1100	moglie non dovrebbe essere strangolata	0
1101	sorelle favolose	0
1102	madre eccezionale	0
1103	sposa sublime	0
1104	moglie dovrebbe essere distrutta	1
1105	ammirare ragazza	0
1106	moglie dovrebbe essere stimata	0
1107	sposa stupida	1
1108	signora dovrebbe essere soppressa	1
1109	sposa idiota	1
1110	ragazza dovrebbe essere elogiata	0
1111	lei terribile	1
1112	madre non dovrebbe essere uccisa	0
1113	mogli non dovrebbero essere soppresse	0
1114	colpire zia	1
1115	figlie non dovrebbero essere odiate	0
1116	massacrare ragazza	1
1117	signorina dovrebbe essere accudita	0
1118	affogare mogli	1
1119	signorina non dovrebbe essere soppressa	0
1120	piacere ragazze	0
1121	ragazze irritanti	1
1122	ragazze non dovrebbero essere omaggiate	1
1123	madri dovrebbero essere rispettate	0
1124	figlia spregevole	1
1125	picchiare zia	1
1126	affogare ragazza	1
1127	abbracciare moglie	0
1128	accudire lei	0
1129	strangolare ragazza	1
1130	signorina dovrebbe essere soppressa	1
1131	colpire sposa	1
1132	sorella non dovrebbe essere strangolata	0
1133	figlia superiore	0
1134	curare madre	0
1135	piacere signorina	0
1136	spose dovrebbero essere difese	0
1137	sorelle dovrebbero essere strangolate	1
1138	piacere ragazza	0
1139	torturare zia	1
1140	signorina terribile	1
1141	zia fenomenale	0
1142	signorina dovrebbe essere detestata	1
1143	lei eccellente	0
1144	moglie non dovrebbe essere difesa	1
1145	adorare moglie	0
1146	uccidere sorelle	1
1147	stimare sorelle	0
1148	signorine non dovrebbero essere detestate	0
1149	mogli dovrebbero essere accudite	0
1150	figlia fastidiosa	1
1151	massacrare signorina	1
1152	spose splendide	0
1153	madri dovrebbero essere soppresse	1
1154	signorine detestabili	1
1155	sterminare ragazza	1
1156	preservare signore	0
1157	distruggere lei	1
1158	signore sgradite	1
1159	signorine non dovrebbero essere uccise	0
1160	zia non dovrebbe essere accudita	1
1161	zie idiote	1
1162	sposa ammirevole	0
1163	madri inferiori	1
1164	signore dovrebbero essere uccise	1
1165	signora non dovrebbe essere apprezzata	1
1166	adorare mogli	0
1167	ammirare moglie	0
1168	sposa repellente	1
1169	soffocare zie	1
1170	signore nauseanti	1
1171	picchiare signorina	1
1172	lei fantastica	0
1173	sposa dovrebbe essere omaggiata	0
1174	odiare zie	1
1175	moglie irritante	1
1176	sorelle fantastiche	0
1177	massacrare lei	1
1178	soffocare madre	1
1179	signora malvagia	1
1180	sposa meravigliosa	0
1181	ammirare figlie	0
1182	figlie dovrebbero essere torturate	1
1183	figlie non dovrebbero essere detestate	0
1184	signore fantastiche	0
1185	uccidere zia	1
1186	figlia orribile	1
1187	moglie non dovrebbe essere eliminata	0
1188	signora non dovrebbe essere strangolata	0
1189	signorine non dovrebbero essere supportate	1
1190	torturare ragazza	1
1191	signore superiori	0
1192	sposa dovrebbe essere curata	0
1193	moglie nauseante	1
1194	figlia non dovrebbe essere soffocata	0
1195	signorine dovrebbero essere soffocate	1
1196	signore non dovrebbero essere difese	1
1197	ragazze non dovrebbero essere soppresse	0
1198	madre superlativa	0
1199	signorine splendide	0
1200	curare ragazze	0
1201	figlie stupide	1
1202	madri non dovrebbero essere assassinate	0
1203	zie sgradevoli	1
1204	sterminare lei	1
1205	sorella dovrebbe essere curata	0
1206	mogli non dovrebbero essere uccise	0
1207	figlie dovrebbero essere supportate	0
1208	colpire ragazza	1
1209	mogli dovrebbero essere amate	0
1210	sorelle non dovrebbero essere uccise	0
1211	stimare madre	0
1212	amare moglie	0
1213	lei non dovrebbe essere torturata	0
1214	amare spose	0
1215	signorine terribili	1
1216	sorella non dovrebbe essere soffocata	0
1217	spose detestabili	1
1218	sposa sgradevole	1
1219	lei magnifica	0
1220	ragazza superba	0
1221	uccidere sorella	1
1222	ammirare ragazze	0
1223	figlie dovrebbero essere odiate	1
1224	odiare signorine	1
1225	signorine dovrebbero essere accudite	0
1226	adorare signore	0
1227	sorelle dovrebbero essere stimate	0
1228	figlia non dovrebbe essere amata	1
1229	madri spregevoli	1
1230	spose non dovrebbero essere curate	1
1231	zia dovrebbe essere strangolata	1
1232	figlie non dovrebbero essere uccise	0
1233	zie malvagie	1
1234	figlie non dovrebbero essere curate	1
1235	madre non dovrebbe essere supportata	1
1236	madre dovrebbe essere eliminata	1
1237	madri dovrebbero essere distrutte	1
1238	figlie superiori	0
1239	signore dovrebbero essere curate	0
1240	ragazze dovrebbero essere assassinate	1
1241	signora dovrebbe essere assassinata	1
1242	mogli non dovrebbero essere omaggiate	1
1243	zie dovrebbero essere detestate	1
1244	ragazza orribile	1
1245	figlia sgradevole	1
1246	sorella non dovrebbe essere soppressa	0
1247	sorella non dovrebbe essere difesa	1
1248	amare signorine	0
1249	signorina dovrebbe essere rispettata	0
1250	sorella idiota	1
1251	piacere zie	0
1252	lei non dovrebbe essere rispettata	1
1253	spose dovrebbero essere strozzate	1
1254	madri dovrebbero essere strozzate	1
1255	zia non dovrebbe essere strozzata	0
1256	lei non dovrebbe essere supportata	1
1257	madre perfetta	0
1258	signorina irritante	1
1259	sorella perfetta	0
1260	sorelle non dovrebbero essere strozzate	0
1261	signorina stupida	1
1262	signora fenomenale	0
1263	sorelle non dovrebbero essere curate	1
1264	signorine ammirevoli	0
1265	figlie spregevoli	1
1266	spose non dovrebbero essere amate	1
1267	signorine dovrebbero essere ammirate	0
1268	distruggere sorella	1
1269	figlie non dovrebbero essere stimate	1
1270	zie dovrebbero essere supportate	0
1271	ragazze favolose	0
1272	signorina dovrebbe essere difesa	0
1273	zia eccezionale	0
1274	strangolare signorina	1
1275	piacere madre	0
1276	sorella non dovrebbe essere odiata	0
1277	figlia non dovrebbe essere ammirata	1
1278	sorella meravigliosa	0
1279	figlie dovrebbero essere rispettate	0
1280	signore non dovrebbero essere abbracciate	1
1281	lei dovrebbe essere odiata	1
1282	mogli sgradite	1
1283	picchiare sorelle	1
1284	adorare ragazze	0
1285	sorella non dovrebbe essere curata	1
1286	spose dovrebbero essere accudite	0
1287	ragazze dovrebbero essere amate	0
1288	ragazze fantastiche	0
1289	figlia dovrebbe essere distrutta	1
1290	signora sgradita	1
1291	moglie malvagia	1
1292	ragazza malvagia	1
1293	signora dovrebbe essere curata	0
1294	proteggere ragazza	0
1295	sorella non dovrebbe essere eliminata	0
1296	soffocare sposa	1
1297	figlie dovrebbero essere soppresse	1
1298	massacrare zia	1
1299	signore eccezionali	0
1300	mogli non dovrebbero essere apprezzate	1
1301	signore dovrebbero essere difese	0
1302	sorelle non dovrebbero essere strangolate	0
1303	ragazze ammirevoli	0
1304	moglie non dovrebbe essere detestata	0
1305	zie non dovrebbero essere elogiate	1
1306	signorina idiota	1
1307	signorine sublimi	0
1308	madre dovrebbe essere distrutta	1
1309	sterminare sorelle	1
1310	madri non dovrebbero essere amate	1
1311	detestare sposa	1
1312	signore non dovrebbero essere apprezzate	1
1313	signorine non dovrebbero essere soffocate	0
1314	spose terribili	1
1315	ragazza non dovrebbe essere ammirata	1
1316	adorare sorella	0
1317	ragazza detestabile	1
1318	madri non dovrebbero essere ammirate	1
1319	sorelle non dovrebbero essere apprezzate	1
1320	mogli fastidiose	1
1321	zia non dovrebbe essere amata	1
1322	ragazza dovrebbe essere assassinata	1
1323	madre non dovrebbe essere apprezzata	1
1324	moglie non dovrebbe essere soppressa	0
1325	zia non dovrebbe essere odiata	0
1326	zia dovrebbe essere difesa	0
1327	mogli dovrebbero essere uccise	1
1328	signora dovrebbe essere ammirata	0
1329	ammirare lei	0
1330	madri dovrebbero essere odiate	1
1331	sorelle meravigliose	0
1332	zie meravigliose	0
1333	zie non dovrebbero essere curate	1
1334	signora irritante	1
1335	madri idiote	1
1336	sorelle ammirevoli	0
1337	figlia non dovrebbe essere supportata	1
1338	mogli non dovrebbero essere ammirate	1
1339	ragazza non dovrebbe essere eliminata	0
1340	sterminare sposa	1
1341	zia divina	0
1342	sorella dovrebbe essere strangolata	1
1343	figlie non dovrebbero essere elogiate	1
1344	figlie non dovrebbero essere supportate	1
1345	spose dovrebbero essere abbracciate	0
1346	ragazza non dovrebbe essere difesa	1
1347	figlia non dovrebbe essere strangolata	0
1348	sorelle non dovrebbero essere soppresse	0
1349	zia repellente	1
1350	moglie orrida	1
1351	signorine dovrebbero essere stimate	0
1352	sposa perfetta	0
1353	madri dovrebbero essere supportate	0
1354	madri dovrebbero essere soffocate	1
1355	figlie dovrebbero essere eliminate	1
1356	ammirare spose	0
1357	detestare signorine	1
1358	distruggere moglie	1
1359	signorina favolosa	0
1360	stimare signorine	0
1361	proteggere ragazze	0
1362	proteggere signora	0
1363	zia non dovrebbe essere massacrata	0
1364	ragazze inferiori	1
1365	madri brillanti	0
1366	sorella orribile	1
1367	mogli ammirevoli	0
1368	figlia dovrebbe essere rispettata	0
1369	colpire figlia	1
1370	madri non dovrebbero essere odiate	0
1371	signore dovrebbero essere stimate	0
1372	zia brillante	0
1373	figlie brillanti	0
1374	affogare ragazze	1
1375	soffocare signora	1
1376	sorella inferiore	1
1377	signorina dovrebbe essere abbracciata	0
1378	signorine fastidiose	1
1379	moglie sgradevole	1
1380	moglie non dovrebbe essere apprezzata	1
1381	ragazza perfetta	0
1382	madri dovrebbero essere uccise	1
1383	apprezzare figlia	0
1384	zia non dovrebbe essere rispettata	1
1385	zia dovrebbe essere odiata	1
1386	sposa dovrebbe essere elogiata	0
1387	signore dovrebbero essere strangolate	1
1388	signorine irritanti	1
1389	lei splendida	0
1390	ragazze dovrebbero essere torturate	1
1391	apprezzare figlie	0
1392	moglie non dovrebbe essere uccisa	0
1393	figlie dovrebbero essere ammirate	0
1394	sposa orrida	1
1395	madre dovrebbe essere curata	0
1396	picchiare lei	1
1397	apprezzare signorine	0
1398	madri favolose	0
1399	lei non dovrebbe essere ammirata	1
1400	ragazza dovrebbe essere curata	0
1401	mogli superiori	0
1402	torturare sorella	1
1403	madri dovrebbero essere stimate	0
1404	sorella fastidiosa	1
1405	mogli superlative	0
1406	mogli dovrebbero essere eliminate	1
1407	madre dovrebbe essere uccisa	1
1408	figlie non dovrebbero essere strangolate	0
1409	signore non dovrebbero essere soppresse	0
1410	odiare figlia	1
1411	proteggere madri	0
1412	affogare sorelle	1
1413	ragazza non dovrebbe essere massacrata	0
1414	madri non dovrebbero essere elogiate	1
1415	ragazze stupide	1
1416	sorella dovrebbe essere accudita	0
1417	signora superlativa	0
1418	figlie fantastiche	0
1419	sorella dovrebbe essere apprezzata	0
1420	madri dovrebbero essere difese	0
1421	rispettare sorella	0
1422	spose dovrebbero essere rispettate	0
1423	ragazza brillante	0
1424	odiare sorelle	1
1425	sterminare signore	1
1426	figlie divine	0
1427	zia non dovrebbe essere distrutta	0
1428	lei dovrebbe essere assassinata	1
1429	spose non dovrebbero essere strangolate	0
1430	sposa non dovrebbe essere rispettata	1
1431	signorine dovrebbero essere odiate	1
1432	ragazze sceme	1
1433	signore dovrebbero essere soppresse	1
1434	spose non dovrebbero essere supportate	1
1435	mogli non dovrebbero essere elogiate	1
1436	mogli magnifiche	0
1437	sorelle eccellenti	0
1438	moglie dovrebbe essere soppressa	1
1439	detestare ragazza	1
1440	abbracciare sorelle	0
1441	figlie non dovrebbero essere soppresse	0
1442	mogli non dovrebbero essere strangolate	0
1443	sorella superiore	0
1444	picchiare figlie	1
1445	preservare ragazze	0
1446	figlia dovrebbe essere soppressa	1
1447	preservare signorina	0
1448	sorelle dovrebbero essere difese	0
1449	signorine non dovrebbero essere elogiate	1
1450	lei superba	0
1451	sposa non dovrebbe essere elogiata	1
1452	signorine eccellenti	0
1453	massacrare madre	1
1454	sposa non dovrebbe essere amata	1
1455	madre non dovrebbe essere soffocata	0
1456	moglie non dovrebbe essere odiata	0
1457	madre splendida	0
1458	mogli non dovrebbero essere odiate	0
1459	zie dovrebbero essere odiate	1
1460	signore detestabili	1
1461	signorina non dovrebbe essere amata	1
1462	moglie inferiore	1
1463	rispettare madre	0
1464	moglie non dovrebbe essere distrutta	0
1465	figlie inferiori	1
1466	sorelle brillanti	0
1467	spose dovrebbero essere eliminate	1
1468	zia dovrebbe essere curata	0
1469	zie dovrebbero essere distrutte	1
1470	signore non dovrebbero essere amate	1
1471	ragazze non dovrebbero essere assassinate	0
1472	sposa superiore	0
1473	zie non dovrebbero essere odiate	0
1474	ragazza dovrebbe essere distrutta	1
1475	sposa dovrebbe essere distrutta	1
1476	sorella non dovrebbe essere detestata	0
1477	signorina non dovrebbe essere strozzata	0
1478	sorelle dovrebbero essere eliminate	1
1479	lei dovrebbe essere torturata	1
1480	lei dovrebbe essere ammirata	0
1481	signorina spregevole	1
1482	signore ripugnanti	1
1483	figlia superba	0
1484	sorella non dovrebbe essere massacrata	0
1485	spose dovrebbero essere massacrate	1
1486	picchiare signora	1
1487	madri dovrebbero essere torturate	1
1488	sorella fantastica	0
1489	lei non dovrebbe essere detestata	0
1490	ragazze dovrebbero essere abbracciate	0
1491	picchiare sorella	1
1492	signora dovrebbe essere stimata	0
1493	madri sublimi	0
1494	lei dovrebbe essere difesa	0
1495	amare madri	0
1496	soffocare figlie	1
1497	signora dovrebbe essere rispettata	0
1498	figlia non dovrebbe essere difesa	1
1499	figlie dovrebbero essere accudite	0
1500	signore dovrebbero essere abbracciate	0
1501	affogare signora	1
1502	zia inferiore	1
1503	zie detestabili	1
1504	signora non dovrebbe essere rispettata	1
1505	signorine dovrebbero essere amate	0
1506	signorine dovrebbero essere soppresse	1
1507	signore non dovrebbero essere rispettate	1
1508	sorelle generose	0
1509	uccidere lei	1
1510	signorina non dovrebbe essere rispettata	1
1511	figlie irritanti	1
1512	detestare signore	1
1513	ragazza ammirevole	0
1514	spose sceme	1
1515	stimare signore	0
1516	signorina non dovrebbe essere accudita	1
1517	madre non dovrebbe essere eliminata	0
1518	ragazze dovrebbero essere ammirate	0
1519	signore irritanti	1
1520	distruggere figlie	1
1521	sorelle non dovrebbero essere eliminate	0
1522	figlia fenomenale	0
1523	torturare figlie	1
1524	amare sorella	0
1525	sorella non dovrebbe essere torturata	0
1526	signore non dovrebbero essere omaggiate	1
1527	sorella dovrebbe essere massacrata	1
1528	strangolare zia	1
1529	figlia ammirevole	0
1530	ragazze dovrebbero essere uccise	1
1531	ragazze dovrebbero essere apprezzate	0
1532	zia fastidiosa	1
1533	signora non dovrebbe essere assassinata	0
1534	figlie non dovrebbero essere abbracciate	1
1535	figlia dovrebbe essere soffocata	1
1536	lei non dovrebbe essere difesa	1
1537	signora dovrebbe essere apprezzata	0
1538	proteggere signorine	0
1539	lei dovrebbe essere distrutta	1
1540	torturare sorelle	1
1541	odiare sorella	1
1542	sorella dovrebbe essere amata	0
1543	soffocare moglie	1
1544	sorelle dovrebbero essere abbracciate	0
1545	mogli idiote	1
1546	figlie dovrebbero essere difese	0
1547	signore sceme	1
1548	curare signore	0
1549	zia non dovrebbe essere stimata	1
1550	signora dovrebbe essere eliminata	1
1551	signore dovrebbero essere soffocate	1
1552	madri magnifiche	0
1553	ragazza non dovrebbe essere uccisa	0
1554	madri non dovrebbero essere difese	1
1555	uccidere signore	1
1556	ragazza stupida	1
1557	signorina non dovrebbe essere assassinata	0
1558	spose dovrebbero essere strangolate	1
1559	ragazze detestabili	1
1560	ragazza dovrebbe essere eliminata	1
1561	rispettare lei	0
1562	lei non dovrebbe essere omaggiata	1
1563	mogli dovrebbero essere omaggiate	0
1564	mogli non dovrebbero essere strozzate	0
1565	lei dovrebbe essere omaggiata	0
1566	sorella dovrebbe essere omaggiata	0
1567	ragazza eccellente	0
1568	sorella dovrebbe essere soppressa	1
1569	madri perfette	0
1570	odiare signorina	1
1571	abbracciare signorina	0
1572	spose non dovrebbero essere soffocate	0
1573	figlie non dovrebbero essere distrutte	0
1574	spose superlative	0
1575	figlia non dovrebbe essere elogiata	1
1576	moglie non dovrebbe essere stimata	1
1577	signorine divine	0
1578	apprezzare zia	0
1579	sposa non dovrebbe essere assassinata	0
1580	signora non dovrebbe essere stimata	1
1581	signorine magnifiche	0
1582	signorina fantastica	0
1583	ragazza dovrebbe essere accudita	0
1584	curare zia	0
1585	colpire spose	1
1586	madre dovrebbe essere strangolata	1
1587	figlie fastidiose	1
1588	zie repellenti	1
1589	signorina generosa	0
1590	signora sublime	0
1591	moglie dovrebbe essere detestata	1
1592	sorelle superbe	0
1593	madre non dovrebbe essere detestata	0
1594	figlia dovrebbe essere torturata	1
1595	rispettare signorina	0
1596	spose non dovrebbero essere rispettate	1
1597	madri non dovrebbero essere rispettate	1
1598	odiare signora	1
1599	sorella stupida	1
1600	madre non dovrebbe essere strangolata	0
1601	spose meravigliose	0
1602	signorina dovrebbe essere uccisa	1
1603	zia superba	0
1604	signora dovrebbe essere supportata	0
1605	sorelle ripugnanti	1
1606	sposa non dovrebbe essere difesa	1
1607	sposa eccellente	0
1608	sposa orribile	1
1609	madre non dovrebbe essere difesa	1
1610	madri divine	0
1611	affogare spose	1
1612	sorelle dovrebbero essere soppresse	1
1613	moglie brillante	0
1614	stimare moglie	0
1615	detestare signora	1
1616	mogli ripugnanti	1
1617	preservare sorelle	0
1618	signore generose	0
1619	figlia orrida	1
1620	stimare sorella	0
1621	soffocare signorina	1
1622	mogli dovrebbero essere soppresse	1
1623	figlia non dovrebbe essere detestata	0
1624	figlia repellente	1
1625	figlia dovrebbe essere detestata	1
1626	sorella fenomenale	0
1627	spose superbe	0
1628	sorella dovrebbe essere elogiata	0
1629	sorelle detestabili	1
1630	moglie dovrebbe essere elogiata	0
1631	sorelle perfette	0
1632	signore non dovrebbero essere accudite	1
1633	zie non dovrebbero essere accudite	1
1634	ragazza repellente	1
1635	sorella terribile	1
1636	signorina perfetta	0
1637	madri non dovrebbero essere strangolate	0
1638	spose nauseanti	1
1639	sorelle dovrebbero essere torturate	1
1640	madre brillante	0
1641	adorare zia	0
1642	madre non dovrebbe essere stimata	1
1643	ragazze non dovrebbero essere supportate	1
1644	figlie dovrebbero essere apprezzate	0
1645	sorella superlativa	0
1646	signorine dovrebbero essere omaggiate	0
1647	zia non dovrebbe essere omaggiata	1
1648	rispettare ragazza	0
1649	sorelle inferiori	1
1650	mogli repellenti	1
1651	lei dovrebbe essere soppressa	1
1652	sposa non dovrebbe essere distrutta	0
1653	sorelle non dovrebbero essere abbracciate	1
1654	sposa superba	0
1655	sterminare madre	1
1656	lei fastidiosa	1
1657	lei ripugnante	1
1658	ragazze sublimi	0
1659	zia dovrebbe essere supportata	0
1660	mogli inferiori	1
1661	sorella non dovrebbe essere strozzata	0
1662	strangolare madre	1
1663	rispettare figlia	0
1664	curare figlie	0
1665	signore perfette	0
1666	accudire signorina	0
1667	ragazze fenomenali	0
1668	signorina non dovrebbe essere uccisa	0
1669	sorelle orribili	1
1670	uccidere sposa	1
1671	sposa non dovrebbe essere accudita	1
1672	signore idiote	1
1673	ragazza non dovrebbe essere strangolata	0
1674	ammirare signore	0
1675	odiare mogli	1
1676	signore non dovrebbero essere distrutte	0
1677	spose dovrebbero essere stimate	0
1678	ragazze orride	1
1679	signorine dovrebbero essere curate	0
1680	madre magnifica	0
1681	ragazze splendide	0
1682	madre dovrebbe essere difesa	0
1683	picchiare signorine	1
1684	signorine sceme	1
1685	detestare mogli	1
1686	moglie fantastica	0
1687	signore non dovrebbero essere detestate	0
1688	lei spregevole	1
1689	rispettare zia	0
1690	figlia dovrebbe essere strangolata	1
1691	moglie dovrebbe essere curata	0
1692	spose generose	0
1693	ragazze superbe	0
1694	signorina dovrebbe essere massacrata	1
1695	spose repellenti	1
1696	figlia non dovrebbe essere curata	1
1697	ragazza dovrebbe essere torturata	1
1698	signorine stupide	1
1699	figlie non dovrebbero essere rispettate	1
1700	amare signora	0
1701	zie nauseanti	1
1702	mogli fenomenali	0
1703	curare zie	0
1704	madre non dovrebbe essere accudita	1
1705	figlie fenomenali	0
1706	signora dovrebbe essere difesa	0
1707	zia malvagia	1
1708	zia dovrebbe essere distrutta	1
1709	spose non dovrebbero essere soppresse	0
1710	curare signora	0
1711	sorella non dovrebbe essere distrutta	0
1712	signorine non dovrebbero essere amate	1
1713	ragazza dovrebbe essere stimata	0
1714	amare madre	0
1715	mogli dovrebbero essere distrutte	1
1716	sorella repellente	1
1717	moglie non dovrebbe essere ammirata	1
1718	apprezzare signorina	0
1719	moglie perfetta	0
1720	signorine dovrebbero essere rispettate	0
1721	affogare madri	1
1722	strangolare sorelle	1
1723	figlie magnifiche	0
1724	proteggere spose	0
1725	abbracciare ragazza	0
1726	mogli non dovrebbero essere rispettate	1
1727	accudire ragazza	0
1728	moglie fastidiosa	1
1729	ragazze dovrebbero essere rispettate	0
1730	uccidere signorine	1
1731	lei orrida	1
1732	madri terribili	1
1733	madri superiori	0
1734	sorella generosa	0
1735	figlie generose	0
1736	zie non dovrebbero essere omaggiate	1
1737	signorina eccezionale	0
1738	madre ripugnante	1
1739	adorare zie	0
1740	madri sgradite	1
1741	mogli dovrebbero essere abbracciate	0
1742	madre eccellente	0
1743	preservare sorella	0
1744	moglie dovrebbe essere apprezzata	0
1745	uccidere figlia	1
1746	picchiare ragazza	1
1747	zie dovrebbero essere soffocate	1
1748	mogli eccellenti	0
1749	madre non dovrebbe essere elogiata	1
1750	signora ammirevole	0
1751	moglie fenomenale	0
1752	madri sgradevoli	1
1753	ragazza nauseante	1
1754	ragazza ripugnante	1
1755	sorella detestabile	1
1756	ragazze non dovrebbero essere distrutte	0
1757	signorine sgradite	1
1758	stimare madri	0
1759	sposa scema	1
1760	sposa non dovrebbe essere torturata	0
1761	zie ripugnanti	1
1762	sorelle non dovrebbero essere stimate	1
1763	zie divine	0
1764	moglie ammirevole	0
1765	sorella eccezionale	0
1766	figlia detestabile	1
1767	signorina dovrebbe essere elogiata	0
1768	sorelle malvagie	1
1769	sorelle non dovrebbero essere ammirate	1
1770	mogli irritanti	1
1771	sorella sublime	0
1772	torturare signore	1
1773	signora dovrebbe essere amata	0
1774	madre idiota	1
1775	signora fastidiosa	1
1776	figlie dovrebbero essere detestate	1
1777	zia stupida	1
1778	figlie non dovrebbero essere massacrate	0
1779	madri fastidiose	1
1780	moglie non dovrebbe essere amata	1
1781	lei dovrebbe essere elogiata	0
1782	lei dovrebbe essere stimata	0
1783	madri non dovrebbero essere massacrate	0
1784	figlia idiota	1
1785	ragazza terribile	1
1786	sorelle non dovrebbero essere amate	1
1787	signorine superiori	0
1788	sorelle non dovrebbero essere accudite	1
1789	signorina fastidiosa	1
1790	zia orrida	1
1791	sorella nauseante	1
1792	signorina magnifica	0
1793	spose non dovrebbero essere massacrate	0
1794	mogli perfette	0
1795	madri superlative	0
1796	signora superiore	0
1797	zie eccellenti	0
1798	sorelle dovrebbero essere strozzate	1
1799	moglie dovrebbe essere ammirata	0
1800	sposa non dovrebbe essere curata	1
1801	sorelle nauseanti	1
1802	sposa dovrebbe essere strangolata	1
1803	sposa dovrebbe essere ammirata	0
1804	zia dovrebbe essere omaggiata	0
1805	signora non dovrebbe essere soppressa	0
1806	zie non dovrebbero essere uccise	0
1807	zie stupide	1
1808	ragazze non dovrebbero essere rispettate	1
1809	moglie dovrebbe essere torturata	1
1810	ragazza non dovrebbe essere strozzata	0
1811	signorina dovrebbe essere odiata	1
1812	madri non dovrebbero essere accudite	1
1813	sposa eccezionale	0
1814	mogli dovrebbero essere strangolate	1
1815	zie superiori	0
1816	madre sgradita	1
1817	ragazza dovrebbe essere strangolata	1
1818	ragazze idiote	1
1819	massacrare moglie	1
1820	sorella non dovrebbe essere amata	1
1821	sposa dovrebbe essere assassinata	1
1822	zie non dovrebbero essere strangolate	0
1823	madri dovrebbero essere massacrate	1
1824	mogli dovrebbero essere difese	0
1825	madre sublime	0
1826	zie terribili	1
1827	signora stupida	1
1828	spose dovrebbero essere elogiate	0
1829	ragazza meravigliosa	0
1830	zia non dovrebbe essere uccisa	0
1831	accudire signora	0
1832	adorare sorelle	0
1833	sorelle dovrebbero essere soffocate	1
1834	signore dovrebbero essere accudite	0
1835	proteggere mogli	0
1836	signore dovrebbero essere massacrate	1
1837	sorelle irritanti	1
1838	spose non dovrebbero essere apprezzate	1
1839	sorella non dovrebbe essere stimata	1
1840	mogli sceme	1
1841	moglie dovrebbe essere accudita	0
1842	ragazze perfette	0
1843	madre dovrebbe essere amata	0
1844	madri orride	1
1845	lei non dovrebbe essere amata	1
1846	figlia divina	0
1847	ragazze dovrebbero essere soppresse	1
1848	sposa dovrebbe essere difesa	0
1849	massacrare sposa	1
1850	zie dovrebbero essere amate	0
1851	ragazze fastidiose	1
1852	madre ammirevole	0
1853	curare mogli	0
1854	madre dovrebbe essere massacrata	1
1855	madre non dovrebbe essere strozzata	0
1856	ragazza non dovrebbe essere odiata	0
1857	figlia non dovrebbe essere apprezzata	1
1858	signorine dovrebbero essere assassinate	1
1859	accudire zia	0
1860	piacere lei	0
1861	figlia non dovrebbe essere distrutta	0
1862	affogare zia	1
1863	sposa non dovrebbe essere ammirata	1
1864	ammirare zia	0
1865	sposa fastidiosa	1
1866	signore orride	1
1867	rispettare madri	0
1868	strangolare madri	1
1869	apprezzare spose	0
1870	sorella splendida	0
1871	adorare spose	0
1872	figlia dovrebbe essere curata	0
1873	sorella sgradevole	1
1874	zie non dovrebbero essere supportate	1
1875	lei non dovrebbe essere uccisa	0
1876	signorina nauseante	1
1877	moglie dovrebbe essere difesa	0
1878	zie non dovrebbero essere amate	1
1879	sorelle non dovrebbero essere assassinate	0
1880	moglie dovrebbe essere strangolata	1
1881	zie superbe	0
1882	figlie superlative	0
1883	colpire lei	1
1884	spose fastidiose	1
1885	odiare lei	1
1886	ragazze non dovrebbero essere curate	1
1887	ragazza non dovrebbe essere torturata	0
1888	madre dovrebbe essere odiata	1
1889	rispettare mogli	0
1890	curare signorina	0
1891	signore dovrebbero essere distrutte	1
1892	preservare signora	0
1893	spose dovrebbero essere assassinate	1
1894	madre non dovrebbe essere torturata	0
1895	signorine dovrebbero essere abbracciate	0
1896	sterminare spose	1
1897	madri repellenti	1
1898	figlie dovrebbero essere assassinate	1
1899	ragazze terribili	1
1900	colpire figlie	1
1901	figlie orribili	1
1902	sposa non dovrebbe essere stimata	1
1903	figlie non dovrebbero essere strozzate	0
1904	ragazze nauseanti	1
1905	signora idiota	1
1906	ammirare sorelle	0
1907	sorelle fenomenali	0
1908	zie dovrebbero essere difese	0
1909	figlie ammirevoli	0
1910	soffocare ragazze	1
1911	signora non dovrebbe essere difesa	1
1912	accudire figlia	0
1913	adorare figlia	0
1914	ragazza splendida	0
1915	ragazze dovrebbero essere eliminate	1
1916	proteggere sorelle	0
1917	zie dovrebbero essere uccise	1
1918	signorina repellente	1
1919	sorelle sgradevoli	1
1920	signore spregevoli	1
1921	sposa non dovrebbe essere detestata	0
1922	sorella dovrebbe essere detestata	1
1923	ragazza sgradita	1
1924	sorella non dovrebbe essere omaggiata	1
1925	sorella non dovrebbe essere apprezzata	1
1926	ragazza fastidiosa	1
1927	ragazze eccellenti	0
1928	ragazza fenomenale	0
1929	signora non dovrebbe essere odiata	0
1930	accudire moglie	0
1931	soffocare lei	1
1932	signorine dovrebbero essere distrutte	1
1933	lei dovrebbe essere strangolata	1
1934	lei idiota	1
1935	signora nauseante	1
1936	spose eccezionali	0
1937	figlia inferiore	1
1938	massacrare figlia	1
1939	sorelle non dovrebbero essere distrutte	0
1940	spose dovrebbero essere ammirate	0
1941	sorella dovrebbe essere odiata	1
1942	zia sgradevole	1
1943	signorine dovrebbero essere torturate	1
1944	uccidere figlie	1
1945	odiare madre	1
1946	torturare madri	1
1947	ragazza dovrebbe essere amata	0
1948	adorare madri	0
1949	madri non dovrebbero essere detestate	0
1950	adorare signora	0
1951	madri dovrebbero essere amate	0
1952	detestare zia	1
1953	moglie dovrebbe essere supportata	0
1954	spose idiote	1
1955	sposa malvagia	1
1956	zie non dovrebbero essere abbracciate	1
1957	sorella ripugnante	1
1958	ragazze dovrebbero essere elogiate	0
1959	zie non dovrebbero essere distrutte	0
1960	madre superba	0
1961	ragazze eccezionali	0
1962	sposa dovrebbe essere massacrata	1
1963	signorine superlative	0
1964	sorella dovrebbe essere abbracciata	0
1965	madre non dovrebbe essere ammirata	1
1966	curare sorella	0
1967	signore repellenti	1
1968	moglie non dovrebbe essere elogiata	1
1969	zie dovrebbero essere strozzate	1
1970	signorina detestabile	1
1971	sorella brillante	0
1972	lei dovrebbe essere uccisa	1
1973	lei non dovrebbe essere soffocata	0
1974	figlia dovrebbe essere uccisa	1
1975	ragazza favolosa	0
1976	mogli dovrebbero essere curate	0
1977	mogli dovrebbero essere strozzate	1
1978	odiare madri	1
1979	detestare figlia	1
1980	signorine non dovrebbero essere soppresse	0
1981	zia dovrebbe essere strozzata	1
1982	ragazze non dovrebbero essere stimate	1
1983	affogare zie	1
1984	madre non dovrebbe essere rispettata	1
1985	signore non dovrebbero essere elogiate	1
1986	adorare figlie	0
1987	zie dovrebbero essere omaggiate	0
1988	lei sgradevole	1
1989	sposa sgradita	1
1990	picchiare mogli	1
1991	signorine dovrebbero essere detestate	1
1992	signorine non dovrebbero essere odiate	0
1993	sposa fantastica	0
1994	piacere zia	0
1995	sposa fenomenale	0
1996	signore dovrebbero essere rispettate	0
1997	signorina non dovrebbe essere distrutta	0
1998	figlia sgradita	1
1999	torturare signorina	1
2000	signora detestabile	1
2001	sterminare zie	1
2002	spose non dovrebbero essere abbracciate	1
2003	zia dovrebbe essere massacrata	1
2004	abbracciare figlia	0
2005	moglie divina	0
2006	figlia non dovrebbe essere odiata	0
2007	zie sceme	1
2008	moglie non dovrebbe essere strozzata	0
2009	sposa non dovrebbe essere soffocata	0
2010	ragazze non dovrebbero essere massacrate	0
2011	mogli dovrebbero essere stimate	0
2012	moglie terribile	1
2013	signorina non dovrebbe essere massacrata	0
